--
-- Database: `delto_db`
--

-- --------------------------------------------------------

--
-- Table structure for table `books`
--

CREATE TABLE `books` (
  `book_id` int(11) NOT NULL,
  `book_isbn` int(11) NOT NULL,
  `book_title` varchar(50) NOT NULL,
  `book_author` varchar(50) NOT NULL,
  `book_category` varchar(50) NOT NULL
) ENGINE=InnoDB DEFAULT CHARSET=latin1;

--
-- Dumping data for table `books`
--

INSERT INTO `books` (`book_id`, `book_isbn`, `book_title`, `book_author`, `book_category`) VALUES
(3, 8934555, 'sun', 'sunil', 'developer'),
(7, 2345, 'Calculus-1', 'John doe', 'Math'),
(9, 6723, 'Math Part-1', 'Sir Sohail Amanat', 'Math123'),
(10, 7896, 'Javascript for begginners', 'Shami ', 'Programming'),
(11, 8978, 'iOS App ', 'Ehtesham Mehmood', 'Mobile Programming'),
(12, 8987, 'Physics', 'Sir Waqas', 'Physics'),
(13, 7890, 'HTML for dummies', 'Ehtesham Shami', 'Programming'),
(14, 1234, 'CodeIgniter Framework Introduction', 'Mutafaf', 'Programming');

-- --------------------------------------------------------

--
-- Table structure for table `centers`
--

CREATE TABLE `centers` (
  `center_id` int(11) NOT NULL,
  `center_fname` varchar(255) NOT NULL,
  `center_lname` varchar(255) NOT NULL,
  `center_name` varchar(255) NOT NULL,
  `center_email` varchar(255) NOT NULL,
  `center_mobile` varchar(12) NOT NULL,
  `center_gender` varchar(11) NOT NULL,
  `center_dob` date NOT NULL,
  `center_password` varchar(60) NOT NULL,
  `center_address` varchar(255) NOT NULL,
  `center_city` varchar(255) NOT NULL,
  `center_pincode` int(11) NOT NULL,
  `center_state` varchar(255) NOT NULL,
  `center_created_at` date NOT NULL,
  `center_status` int(11) NOT NULL
) ENGINE=InnoDB DEFAULT CHARSET=latin1 ROW_FORMAT=COMPACT;

--
-- Dumping data for table `centers`
--

INSERT INTO `centers` (`center_id`, `center_fname`, `center_lname`, `center_name`, `center_email`, `center_mobile`, `center_gender`, `center_dob`, `center_password`, `center_address`, `center_city`, `center_pincode`, `center_state`, `center_created_at`, `center_status`) VALUES
(1, 'Pawan', 'Kadam', 'Warje', 'pawan@webosys.com', '2147483647', 'male', '1995-09-22', 'pawan123', 'warje malewadi', 'pune', 410209, 'Maharashtra', '2017-12-01', 1),
(2, 'suraj', 'shinde', 'talegaon', 'suraj@webosys.com', '9075554309', 'male', '1995-01-09', '12345678', 'talegaon', 'pune', 410506, 'Maharashtra', '2017-12-02', 1),
(4, 'abc', 'def', 'pune', 'abc@gmail.com', '9876543210', 'female', '2010-11-30', '876543210', 'pune', 'pune', 411001, 'Maharashtra', '2017-12-02', 1),
(6, 'Pawan', 'Kadam', 'Shivne', 'kadampawan11@gmail.com', '8286362625', 'male', '1995-09-22', '12345678', 'warje', 'pune', 410209, 'Maharashtra', '2018-01-05', 1),
(7, 'Pawan', 'Kadam', 'Shivne', 'surajshinde9195@gmail.com', '8286362625', 'male', '1995-09-22', '12345678', 'pune', 'pune', 410209, 'Maharashtra', '2018-01-05', 1);

-- --------------------------------------------------------

--
-- Table structure for table `ci_sessions`
--

CREATE TABLE `ci_sessions` (
  `id` varchar(128) NOT NULL,
  `ip_address` varchar(45) NOT NULL,
  `timestamp` int(10) UNSIGNED NOT NULL DEFAULT '0',
  `data` blob NOT NULL
) ENGINE=InnoDB DEFAULT CHARSET=latin1;

--
-- Dumping data for table `ci_sessions`
--

INSERT INTO `ci_sessions` (`id`, `ip_address`, `timestamp`, `data`) VALUES
('k4qlt02it5m5g9d8rc3c41fr1rgu3d0t', '::1', 1514395025, 0x5f5f63695f6c6173745f726567656e65726174657c693a313531343339343738313b73747564656e745f69647c733a323a223333223b73747564656e745f666e616d657c733a353a22537572616a223b73747564656e745f6c6e616d657c733a363a225368696e6465223b73747564656e745f656d61696c7c733a31353a22737572616a40676d61696c2e636f6d223b69734c6f67676564496e7c623a313b73747564656e744c6f67676564496e7c623a313b63656e7465725f7573657269647c4e3b63656e7465725f666e616d657c4e3b63656e7465725f6c6e616d657c4e3b63656e7465725f656d61696c7c4e3b63656e7465725f4c6f67676564496e7c623a313b),
('gce829aaohhgf9afi8dia1j7tbe12n6v', '::1', 1514395450, 0x5f5f63695f6c6173745f726567656e65726174657c693a313531343339353136313b73747564656e745f69647c733a323a223333223b73747564656e745f666e616d657c733a353a22537572616a223b73747564656e745f6c6e616d657c733a363a225368696e6465223b73747564656e745f656d61696c7c733a31353a22737572616a40676d61696c2e636f6d223b69734c6f67676564496e7c623a313b73747564656e744c6f67676564496e7c623a313b63656e7465725f7573657269647c4e3b63656e7465725f666e616d657c4e3b63656e7465725f6c6e616d657c4e3b63656e7465725f656d61696c7c4e3b63656e7465725f4c6f67676564496e7c623a313b),
('jbiu91gibhknjqvrc003vmr28s42fbk4', '::1', 1514395465, 0x5f5f63695f6c6173745f726567656e65726174657c693a313531343339353436353b73747564656e745f69647c733a323a223333223b73747564656e745f666e616d657c733a353a22537572616a223b73747564656e745f6c6e616d657c733a363a225368696e6465223b73747564656e745f656d61696c7c733a31353a22737572616a40676d61696c2e636f6d223b69734c6f67676564496e7c623a313b73747564656e744c6f67676564496e7c623a313b63656e7465725f7573657269647c4e3b63656e7465725f666e616d657c4e3b63656e7465725f6c6e616d657c4e3b63656e7465725f656d61696c7c4e3b63656e7465725f4c6f67676564496e7c623a313b),
('hemsjpiqqhh0nv5hk4885i6herar35kl', '::1', 1514396058, 0x5f5f63695f6c6173745f726567656e65726174657c693a313531343339363031323b73747564656e745f69647c733a323a223333223b73747564656e745f666e616d657c733a353a22537572616a223b73747564656e745f6c6e616d657c733a363a225368696e6465223b73747564656e745f656d61696c7c733a31353a22737572616a40676d61696c2e636f6d223b69734c6f67676564496e7c623a313b73747564656e744c6f67676564496e7c623a313b63656e7465725f7573657269647c4e3b63656e7465725f666e616d657c4e3b63656e7465725f6c6e616d657c4e3b63656e7465725f656d61696c7c4e3b63656e7465725f4c6f67676564496e7c623a313b),
('3vr1h9naclttu38rf4l3es91dl00v6ir', '::1', 1514397045, 0x5f5f63695f6c6173745f726567656e65726174657c693a313531343339373034343b73747564656e745f69647c733a323a223333223b73747564656e745f666e616d657c733a353a22537572616a223b73747564656e745f6c6e616d657c733a363a225368696e6465223b73747564656e745f656d61696c7c733a31353a22737572616a40676d61696c2e636f6d223b69734c6f67676564496e7c623a313b73747564656e744c6f67676564496e7c623a313b63656e7465725f7573657269647c4e3b63656e7465725f666e616d657c4e3b63656e7465725f6c6e616d657c4e3b63656e7465725f656d61696c7c4e3b63656e7465725f4c6f67676564496e7c623a313b),
('kc98kijrt46kond37dse6cej41pr2gok', '::1', 1514398453, 0x5f5f63695f6c6173745f726567656e65726174657c693a313531343339383434373b73747564656e745f69647c733a323a223333223b73747564656e745f666e616d657c733a353a22537572616a223b73747564656e745f6c6e616d657c733a363a225368696e6465223b73747564656e745f656d61696c7c733a31353a22737572616a40676d61696c2e636f6d223b69734c6f67676564496e7c623a313b73747564656e744c6f67676564496e7c623a313b63656e7465725f7573657269647c4e3b63656e7465725f666e616d657c4e3b63656e7465725f6c6e616d657c4e3b63656e7465725f656d61696c7c4e3b63656e7465725f4c6f67676564496e7c623a313b),
('rr3l17hig6s79dl8h4gghgt28hamgj53', '::1', 1514399505, 0x5f5f63695f6c6173745f726567656e65726174657c693a313531343339393234333b73747564656e745f69647c733a323a223333223b73747564656e745f666e616d657c733a353a22537572616a223b73747564656e745f6c6e616d657c733a363a225368696e6465223b73747564656e745f656d61696c7c733a31353a22737572616a40676d61696c2e636f6d223b69734c6f67676564496e7c623a313b73747564656e744c6f67676564496e7c623a313b63656e7465725f7573657269647c4e3b63656e7465725f666e616d657c4e3b63656e7465725f6c6e616d657c4e3b63656e7465725f656d61696c7c4e3b63656e7465725f4c6f67676564496e7c623a313b),
('9s6oi3nmpn8rdqn641f251ecb9jh83j5', '::1', 1514399610, 0x5f5f63695f6c6173745f726567656e65726174657c693a313531343339393534353b73747564656e745f69647c733a323a223333223b73747564656e745f666e616d657c733a353a22537572616a223b73747564656e745f6c6e616d657c733a363a225368696e6465223b73747564656e745f656d61696c7c733a31353a22737572616a40676d61696c2e636f6d223b69734c6f67676564496e7c623a313b73747564656e744c6f67676564496e7c623a313b63656e7465725f7573657269647c4e3b63656e7465725f666e616d657c4e3b63656e7465725f6c6e616d657c4e3b63656e7465725f656d61696c7c4e3b63656e7465725f4c6f67676564496e7c623a313b),
('obuass6ecdkiarvrlu9btfk47cpfmn5h', '::1', 1514441769, 0x5f5f63695f6c6173745f726567656e65726174657c693a313531343434313635383b63656e7465725f7573657269647c4e3b63656e7465725f666e616d657c4e3b63656e7465725f6c6e616d657c4e3b63656e7465725f656d61696c7c4e3b63656e7465725f4c6f67676564496e7c623a313b),
('o7lrqca9q2tsv84krhhs9uvf1fi1q7v6', '::1', 1514442769, 0x5f5f63695f6c6173745f726567656e65726174657c693a313531343434323636363b63656e7465725f7573657269647c4e3b63656e7465725f666e616d657c4e3b63656e7465725f6c6e616d657c4e3b63656e7465725f656d61696c7c4e3b63656e7465725f4c6f67676564496e7c623a313b73747564656e745f69647c733a323a223333223b73747564656e745f666e616d657c733a353a22537572616a223b73747564656e745f6c6e616d657c733a363a225368696e6465223b73747564656e745f656d61696c7c733a31353a22737572616a40676d61696c2e636f6d223b73747564656e744c6f67676564496e7c623a313b),
('171l5fkabdr79mnl0r6gaf66s9bc8asv', '::1', 1514443773, 0x5f5f63695f6c6173745f726567656e65726174657c693a313531343434333536313b63656e7465725f7573657269647c4e3b63656e7465725f666e616d657c4e3b63656e7465725f6c6e616d657c4e3b63656e7465725f656d61696c7c4e3b63656e7465725f4c6f67676564496e7c623a313b73747564656e745f69647c733a323a223333223b73747564656e745f666e616d657c733a353a22537572616a223b73747564656e745f6c6e616d657c733a363a225368696e6465223b73747564656e745f656d61696c7c733a31353a22737572616a40676d61696c2e636f6d223b73747564656e744c6f67676564496e7c623a313b),
('nst4o5n39u3eie88n4052e416lbmelj6', '::1', 1514444075, 0x5f5f63695f6c6173745f726567656e65726174657c693a313531343434343035343b63656e7465725f7573657269647c4e3b63656e7465725f666e616d657c4e3b63656e7465725f6c6e616d657c4e3b63656e7465725f656d61696c7c4e3b63656e7465725f4c6f67676564496e7c623a313b73747564656e745f69647c733a323a223333223b73747564656e745f666e616d657c733a353a22537572616a223b73747564656e745f6c6e616d657c733a363a225368696e6465223b73747564656e745f656d61696c7c733a31353a22737572616a40676d61696c2e636f6d223b73747564656e744c6f67676564496e7c623a313b),
('t3oknhnukbduo0c50at7i5nqtoiv84pa', '::1', 1514444877, 0x5f5f63695f6c6173745f726567656e65726174657c693a313531343434343837323b63656e7465725f7573657269647c4e3b63656e7465725f666e616d657c4e3b63656e7465725f6c6e616d657c4e3b63656e7465725f656d61696c7c4e3b63656e7465725f4c6f67676564496e7c623a313b73747564656e745f69647c733a323a223333223b73747564656e745f666e616d657c733a353a22537572616a223b73747564656e745f6c6e616d657c733a363a225368696e6465223b73747564656e745f656d61696c7c733a31353a22737572616a40676d61696c2e636f6d223b73747564656e744c6f67676564496e7c623a313b),
('22aebemerbakum9fau2gk9ntrjifkt65', '::1', 1514445344, 0x5f5f63695f6c6173745f726567656e65726174657c693a313531343434353330353b63656e7465725f7573657269647c4e3b63656e7465725f666e616d657c4e3b63656e7465725f6c6e616d657c4e3b63656e7465725f656d61696c7c4e3b63656e7465725f4c6f67676564496e7c623a313b73747564656e745f69647c733a323a223333223b73747564656e745f666e616d657c733a353a22537572616a223b73747564656e745f6c6e616d657c733a363a225368696e6465223b73747564656e745f656d61696c7c733a31353a22737572616a40676d61696c2e636f6d223b73747564656e744c6f67676564496e7c623a313b),
('3a6fiuardcah5ai9tli3388fhfgd8pop', '::1', 1514459397, 0x5f5f63695f6c6173745f726567656e65726174657c693a313531343435393130333b63656e7465725f7573657269647c4e3b63656e7465725f666e616d657c4e3b63656e7465725f6c6e616d657c4e3b63656e7465725f656d61696c7c4e3b63656e7465725f4c6f67676564496e7c623a313b),
('4bg626igh11mbme4uqup5k18me9r3s82', '::1', 1514459546, 0x5f5f63695f6c6173745f726567656e65726174657c693a313531343435393432303b63656e7465725f7573657269647c4e3b63656e7465725f666e616d657c4e3b63656e7465725f6c6e616d657c4e3b63656e7465725f656d61696c7c4e3b63656e7465725f4c6f67676564496e7c623a313b),
('hgf9m91e45moe2oi8ajmjhqdr2s0k2gc', '::1', 1514459801, 0x5f5f63695f6c6173745f726567656e65726174657c693a313531343435393732373b63656e7465725f7573657269647c4e3b63656e7465725f666e616d657c4e3b63656e7465725f6c6e616d657c4e3b63656e7465725f656d61696c7c4e3b63656e7465725f4c6f67676564496e7c623a313b),
('91rvrctrstn4rleuqfjpc34eq3tok7tk', '::1', 1514460417, 0x5f5f63695f6c6173745f726567656e65726174657c693a313531343436303337313b63656e7465725f7573657269647c4e3b63656e7465725f666e616d657c4e3b63656e7465725f6c6e616d657c4e3b63656e7465725f656d61696c7c4e3b63656e7465725f4c6f67676564496e7c623a313b),
('bl26d22a4tid56d1nusku2h94lbp87nl', '::1', 1514460883, 0x5f5f63695f6c6173745f726567656e65726174657c693a313531343436303733343b63656e7465725f7573657269647c4e3b63656e7465725f666e616d657c4e3b63656e7465725f6c6e616d657c4e3b63656e7465725f656d61696c7c4e3b63656e7465725f4c6f67676564496e7c623a313b),
('rg0lt7tlngehdhv2f677hl0rhpuv0c24', '::1', 1514461376, 0x5f5f63695f6c6173745f726567656e65726174657c693a313531343436313039393b63656e7465725f7573657269647c4e3b63656e7465725f666e616d657c4e3b63656e7465725f6c6e616d657c4e3b63656e7465725f656d61696c7c4e3b63656e7465725f4c6f67676564496e7c623a313b),
('t60cq16tqhuv5heltns35t7l3obk7beg', '::1', 1514461758, 0x5f5f63695f6c6173745f726567656e65726174657c693a313531343436313538323b63656e7465725f7573657269647c4e3b63656e7465725f666e616d657c4e3b63656e7465725f6c6e616d657c4e3b63656e7465725f656d61696c7c4e3b63656e7465725f4c6f67676564496e7c623a313b),
('67ciotjosap9qlmi54iqa2294r81bn8r', '::1', 1514462001, 0x5f5f63695f6c6173745f726567656e65726174657c693a313531343436313934373b63656e7465725f7573657269647c4e3b63656e7465725f666e616d657c4e3b63656e7465725f6c6e616d657c4e3b63656e7465725f656d61696c7c4e3b63656e7465725f4c6f67676564496e7c623a313b),
('3cth8er82cljkm07podouj9d1259dn22', '::1', 1514529421, 0x5f5f63695f6c6173745f726567656e65726174657c693a313531343532393135333b63656e7465725f7573657269647c4e3b63656e7465725f666e616d657c4e3b63656e7465725f6c6e616d657c4e3b63656e7465725f656d61696c7c4e3b63656e7465725f4c6f67676564496e7c623a313b),
('47m630cnlrnrai00oj4loav36v46aigu', '::1', 1514531107, 0x5f5f63695f6c6173745f726567656e65726174657c693a313531343532393437313b63656e7465725f7573657269647c4e3b63656e7465725f666e616d657c4e3b63656e7465725f6c6e616d657c4e3b63656e7465725f656d61696c7c4e3b63656e7465725f4c6f67676564496e7c623a313b),
('eahp73jrkbsp3prc4kov116s5edusblf', '::1', 1514531788, 0x5f5f63695f6c6173745f726567656e65726174657c693a313531343533313134353b63656e7465725f7573657269647c4e3b63656e7465725f666e616d657c4e3b63656e7465725f6c6e616d657c4e3b63656e7465725f656d61696c7c4e3b63656e7465725f4c6f67676564496e7c623a313b),
('202reg8l7tdtu1lh71ikldin2s9jvm59', '::1', 1514543739, ''),
('3j90i5n98pr541fsnni8ganle7vd35m5', '::1', 1514544051, 0x5f5f63695f6c6173745f726567656e65726174657c693a313531343534333737343b63656e7465725f7573657269647c4e3b63656e7465725f666e616d657c4e3b63656e7465725f6c6e616d657c4e3b63656e7465725f656d61696c7c4e3b63656e7465725f4c6f67676564496e7c623a313b),
('r6iu65nk0m1bl4i2vg2cjd0rlue1gsot', '::1', 1514544193, 0x5f5f63695f6c6173745f726567656e65726174657c693a313531343534343139323b63656e7465725f7573657269647c4e3b63656e7465725f666e616d657c4e3b63656e7465725f6c6e616d657c4e3b63656e7465725f656d61696c7c4e3b63656e7465725f4c6f67676564496e7c623a313b),
('hrfts4tmllrsfnhac3n080u95pv9ljio', '::1', 1514544788, 0x5f5f63695f6c6173745f726567656e65726174657c693a313531343534343538333b63656e7465725f7573657269647c4e3b63656e7465725f666e616d657c4e3b63656e7465725f6c6e616d657c4e3b63656e7465725f656d61696c7c4e3b63656e7465725f4c6f67676564496e7c623a313b),
('120147kroo0403p226oqf42aj0v9gq4h', '::1', 1514545570, 0x5f5f63695f6c6173745f726567656e65726174657c693a313531343534353131323b63656e7465725f7573657269647c4e3b63656e7465725f666e616d657c4e3b63656e7465725f6c6e616d657c4e3b63656e7465725f656d61696c7c4e3b63656e7465725f4c6f67676564496e7c623a313b),
('hc220ndci1fn1c66qanq1avh0tnqdpde', '::1', 1514546071, 0x5f5f63695f6c6173745f726567656e65726174657c693a313531343534353537303b63656e7465725f7573657269647c4e3b63656e7465725f666e616d657c4e3b63656e7465725f6c6e616d657c4e3b63656e7465725f656d61696c7c4e3b63656e7465725f4c6f67676564496e7c623a313b),
('2u4k5mpv997j97l1l5muenjukrkvd9ik', '::1', 1514546305, 0x5f5f63695f6c6173745f726567656e65726174657c693a313531343534363037313b63656e7465725f7573657269647c4e3b63656e7465725f666e616d657c4e3b63656e7465725f6c6e616d657c4e3b63656e7465725f656d61696c7c4e3b63656e7465725f4c6f67676564496e7c623a313b),
('nv52oi18gh2iiako5oagu8ol5977i4ab', '::1', 1514546496, 0x5f5f63695f6c6173745f726567656e65726174657c693a313531343534363435323b63656e7465725f7573657269647c4e3b63656e7465725f666e616d657c4e3b63656e7465725f6c6e616d657c4e3b63656e7465725f656d61696c7c4e3b63656e7465725f4c6f67676564496e7c623a313b),
('6nkriq8e28ei398jijjfclo619vrq1s9', '::1', 1514547528, 0x5f5f63695f6c6173745f726567656e65726174657c693a313531343534373531353b63656e7465725f7573657269647c4e3b63656e7465725f666e616d657c4e3b63656e7465725f6c6e616d657c4e3b63656e7465725f656d61696c7c4e3b63656e7465725f4c6f67676564496e7c623a313b),
('9c8ouh0ioo5qsajng5odmn4g66dsq4l0', '::1', 1514636097, 0x5f5f63695f6c6173745f726567656e65726174657c693a313531343633353830313b63656e7465725f7573657269647c4e3b63656e7465725f666e616d657c4e3b63656e7465725f6c6e616d657c4e3b63656e7465725f656d61696c7c4e3b63656e7465725f4c6f67676564496e7c623a313b),
('c4va9sa8nmuhtpl54qqdpp8h42n91qnf', '::1', 1514636402, 0x5f5f63695f6c6173745f726567656e65726174657c693a313531343633363130333b63656e7465725f7573657269647c4e3b63656e7465725f666e616d657c4e3b63656e7465725f6c6e616d657c4e3b63656e7465725f656d61696c7c4e3b63656e7465725f4c6f67676564496e7c623a313b),
('56f6iirmua2nu2odj8l734h4bjvi6tp0', '::1', 1514636661, 0x5f5f63695f6c6173745f726567656e65726174657c693a313531343633363439363b63656e7465725f7573657269647c4e3b63656e7465725f666e616d657c4e3b63656e7465725f6c6e616d657c4e3b63656e7465725f656d61696c7c4e3b63656e7465725f4c6f67676564496e7c623a313b),
('mrfefakfrs0f8bdgcl7943v53do319n4', '::1', 1514637158, 0x5f5f63695f6c6173745f726567656e65726174657c693a313531343633363932303b63656e7465725f7573657269647c4e3b63656e7465725f666e616d657c4e3b63656e7465725f6c6e616d657c4e3b63656e7465725f656d61696c7c4e3b63656e7465725f4c6f67676564496e7c623a313b),
('t46o127i102epeqb08jdtrtmvcppn7hj', '::1', 1514637233, 0x5f5f63695f6c6173745f726567656e65726174657c693a313531343633373232383b63656e7465725f7573657269647c4e3b63656e7465725f666e616d657c4e3b63656e7465725f6c6e616d657c4e3b63656e7465725f656d61696c7c4e3b63656e7465725f4c6f67676564496e7c623a313b),
('g97dgm54092h3cvjed4bgsgn0n9a8ai9', '::1', 1514637919, 0x5f5f63695f6c6173745f726567656e65726174657c693a313531343633373631393b63656e7465725f7573657269647c4e3b63656e7465725f666e616d657c4e3b63656e7465725f6c6e616d657c4e3b63656e7465725f656d61696c7c4e3b63656e7465725f4c6f67676564496e7c623a313b),
('ni1abghkh4tnfn0hhmv577tp87oqaqth', '::1', 1514638230, 0x5f5f63695f6c6173745f726567656e65726174657c693a313531343633373934363b63656e7465725f7573657269647c4e3b63656e7465725f666e616d657c4e3b63656e7465725f6c6e616d657c4e3b63656e7465725f656d61696c7c4e3b63656e7465725f4c6f67676564496e7c623a313b),
('b86k3tlibgst6b5lreig5l2b61ceacpo', '::1', 1514815379, 0x5f5f63695f6c6173745f726567656e65726174657c693a313531343831353039343b63656e7465725f7573657269647c4e3b63656e7465725f666e616d657c4e3b63656e7465725f6c6e616d657c4e3b63656e7465725f656d61696c7c4e3b63656e7465725f4c6f67676564496e7c623a313b),
('2u7d34f1439mc2d6u5l0o3c3abcf1ino', '::1', 1514815448, 0x5f5f63695f6c6173745f726567656e65726174657c693a313531343831353430383b63656e7465725f7573657269647c4e3b63656e7465725f666e616d657c4e3b63656e7465725f6c6e616d657c4e3b63656e7465725f656d61696c7c4e3b63656e7465725f4c6f67676564496e7c623a313b),
('pd4mnkv1btm4suet9jug2r5kr28k1lsd', '::1', 1514815983, 0x5f5f63695f6c6173745f726567656e65726174657c693a313531343831353733323b63656e7465725f7573657269647c4e3b63656e7465725f666e616d657c4e3b63656e7465725f6c6e616d657c4e3b63656e7465725f656d61696c7c4e3b63656e7465725f4c6f67676564496e7c623a313b),
('na72qmvdc5us5ma9i3vt9rf409mba7mo', '::1', 1514816269, 0x5f5f63695f6c6173745f726567656e65726174657c693a313531343831363033343b63656e7465725f7573657269647c4e3b63656e7465725f666e616d657c4e3b63656e7465725f6c6e616d657c4e3b63656e7465725f656d61696c7c4e3b63656e7465725f4c6f67676564496e7c623a313b),
('sp93s805ar5mlmp6iftn1s1grff8lmfb', '::1', 1514817214, 0x5f5f63695f6c6173745f726567656e65726174657c693a313531343831373035323b63656e7465725f7573657269647c4e3b63656e7465725f666e616d657c4e3b63656e7465725f6c6e616d657c4e3b63656e7465725f656d61696c7c4e3b63656e7465725f4c6f67676564496e7c623a313b),
('8aitfdngod2scht4hjr4s0toc2f58aog', '::1', 1514817679, 0x5f5f63695f6c6173745f726567656e65726174657c693a313531343831373337393b63656e7465725f7573657269647c4e3b63656e7465725f666e616d657c4e3b63656e7465725f6c6e616d657c4e3b63656e7465725f656d61696c7c4e3b63656e7465725f4c6f67676564496e7c623a313b),
('uqu9h6v7lsheacr6t42snbia45j43ahg', '::1', 1514817974, 0x5f5f63695f6c6173745f726567656e65726174657c693a313531343831373638363b63656e7465725f7573657269647c4e3b63656e7465725f666e616d657c4e3b63656e7465725f6c6e616d657c4e3b63656e7465725f656d61696c7c4e3b63656e7465725f4c6f67676564496e7c623a313b),
('iv46tt537davi1qhv8588nfiv27g7gpu', '::1', 1514818168, 0x5f5f63695f6c6173745f726567656e65726174657c693a313531343831383130333b63656e7465725f7573657269647c4e3b63656e7465725f666e616d657c4e3b63656e7465725f6c6e616d657c4e3b63656e7465725f656d61696c7c4e3b63656e7465725f4c6f67676564496e7c623a313b),
('r0dosfj2djpq9ee8jm8h0uqmar4nqp39', '::1', 1514818875, 0x5f5f63695f6c6173745f726567656e65726174657c693a313531343831383538323b63656e7465725f7573657269647c4e3b63656e7465725f666e616d657c4e3b63656e7465725f6c6e616d657c4e3b63656e7465725f656d61696c7c4e3b63656e7465725f4c6f67676564496e7c623a313b),
('l3f7c50sd01bqafctj6g2j575k3ip9d6', '::1', 1514819173, 0x5f5f63695f6c6173745f726567656e65726174657c693a313531343831383931363b63656e7465725f7573657269647c4e3b63656e7465725f666e616d657c4e3b63656e7465725f6c6e616d657c4e3b63656e7465725f656d61696c7c4e3b63656e7465725f4c6f67676564496e7c623a313b),
('jljh15fqqi33l7uspmj0kofri8kbhe63', '::1', 1514819343, 0x5f5f63695f6c6173745f726567656e65726174657c693a313531343831393334333b63656e7465725f7573657269647c4e3b63656e7465725f666e616d657c4e3b63656e7465725f6c6e616d657c4e3b63656e7465725f656d61696c7c4e3b63656e7465725f4c6f67676564496e7c623a313b),
('61mp6tttspe0ihj8da0bi62pm5ord1o7', '::1', 1514828327, 0x5f5f63695f6c6173745f726567656e65726174657c693a313531343832383235383b63656e7465725f7573657269647c4e3b63656e7465725f666e616d657c4e3b63656e7465725f6c6e616d657c4e3b63656e7465725f656d61696c7c4e3b63656e7465725f4c6f67676564496e7c623a313b),
('4q31hhosgej90d0m29llub1hoql70uq0', '::1', 1514961968, 0x5f5f63695f6c6173745f726567656e65726174657c693a313531343936313737333b63656e7465725f7573657269647c4e3b63656e7465725f666e616d657c4e3b63656e7465725f6c6e616d657c4e3b63656e7465725f656d61696c7c4e3b63656e7465725f4c6f67676564496e7c623a313b),
('4pik7gri278lh8lj6h95372oetn2sopk', '::1', 1514962416, 0x5f5f63695f6c6173745f726567656e65726174657c693a313531343936323431363b63656e7465725f7573657269647c4e3b63656e7465725f666e616d657c4e3b63656e7465725f6c6e616d657c4e3b63656e7465725f656d61696c7c4e3b63656e7465725f4c6f67676564496e7c623a313b),
('vavt9sp4df48hp1knq0g9435s0dodff1', '::1', 1514962935, 0x5f5f63695f6c6173745f726567656e65726174657c693a313531343936323735343b63656e7465725f7573657269647c4e3b63656e7465725f666e616d657c4e3b63656e7465725f6c6e616d657c4e3b63656e7465725f656d61696c7c4e3b63656e7465725f4c6f67676564496e7c623a313b),
('c4pln59cinbuf6h48b255cbfrkj28l8q', '::1', 1514963119, 0x5f5f63695f6c6173745f726567656e65726174657c693a313531343936333131393b63656e7465725f7573657269647c4e3b63656e7465725f666e616d657c4e3b63656e7465725f6c6e616d657c4e3b63656e7465725f656d61696c7c4e3b63656e7465725f4c6f67676564496e7c623a313b),
('mfmcjvm2bq6030hb3ok3d9t2rukm6dcq', '::1', 1514970457, 0x5f5f63695f6c6173745f726567656e65726174657c693a313531343937303334333b63656e7465725f7573657269647c4e3b63656e7465725f666e616d657c4e3b63656e7465725f6c6e616d657c4e3b63656e7465725f656d61696c7c4e3b63656e7465725f4c6f67676564496e7c623a313b),
('h6pfh75qgqfhh23tspui88eh1taupbq1', '::1', 1514970723, 0x5f5f63695f6c6173745f726567656e65726174657c693a313531343937303637323b63656e7465725f7573657269647c4e3b63656e7465725f666e616d657c4e3b63656e7465725f6c6e616d657c4e3b63656e7465725f656d61696c7c4e3b63656e7465725f4c6f67676564496e7c623a313b),
('opgutotgm8b2cniaupqeu6a97aq21590', '::1', 1514983928, 0x5f5f63695f6c6173745f726567656e65726174657c693a313531343938333633373b),
('6rf15059pqrpoj3l2hrf8jnhieu5fo8t', '::1', 1514984244, 0x5f5f63695f6c6173745f726567656e65726174657c693a313531343938333934343b63656e7465725f7573657269647c4e3b63656e7465725f666e616d657c4e3b63656e7465725f6c6e616d657c4e3b63656e7465725f656d61696c7c4e3b63656e7465725f4c6f67676564496e7c623a313b),
('p01fqfnhg55gmj7bbhe31a2i8ah9tk8r', '::1', 1514984545, 0x5f5f63695f6c6173745f726567656e65726174657c693a313531343938343234353b63656e7465725f7573657269647c4e3b63656e7465725f666e616d657c4e3b63656e7465725f6c6e616d657c4e3b63656e7465725f656d61696c7c4e3b63656e7465725f4c6f67676564496e7c623a313b),
('9lkbb9uhvpnnmcpsfet73qjhjj9eilta', '::1', 1514984798, 0x5f5f63695f6c6173745f726567656e65726174657c693a313531343938343730323b63656e7465725f7573657269647c4e3b63656e7465725f666e616d657c4e3b63656e7465725f6c6e616d657c4e3b63656e7465725f656d61696c7c4e3b63656e7465725f4c6f67676564496e7c623a313b),
('ccqnefq40jgg193qpdutv7gf989ksqvo', '::1', 1514985412, 0x5f5f63695f6c6173745f726567656e65726174657c693a313531343938353132333b63656e7465725f7573657269647c4e3b63656e7465725f666e616d657c4e3b63656e7465725f6c6e616d657c4e3b63656e7465725f656d61696c7c4e3b63656e7465725f4c6f67676564496e7c623a313b),
('1raqjs6sq3ab8jbpjqcroojmvcvnmuso', '::1', 1514985734, 0x5f5f63695f6c6173745f726567656e65726174657c693a313531343938353433363b63656e7465725f7573657269647c4e3b63656e7465725f666e616d657c4e3b63656e7465725f6c6e616d657c4e3b63656e7465725f656d61696c7c4e3b63656e7465725f4c6f67676564496e7c623a313b),
('3n9sbnjkip63j24csl514nv9625a2e3r', '::1', 1514985937, 0x5f5f63695f6c6173745f726567656e65726174657c693a313531343938353735363b63656e7465725f7573657269647c4e3b63656e7465725f666e616d657c4e3b63656e7465725f6c6e616d657c4e3b63656e7465725f656d61696c7c4e3b63656e7465725f4c6f67676564496e7c623a313b),
('tglttfdn55qm7s216vgh0te64j915tgn', '::1', 1514986302, 0x5f5f63695f6c6173745f726567656e65726174657c693a313531343938363233343b63656e7465725f7573657269647c4e3b63656e7465725f666e616d657c4e3b63656e7465725f6c6e616d657c4e3b63656e7465725f656d61696c7c4e3b63656e7465725f4c6f67676564496e7c623a313b),
('8t2fpo9hga6ufdqi1lm9ns3f0cqo8the', '::1', 1514987804, 0x5f5f63695f6c6173745f726567656e65726174657c693a313531343938373534363b63656e7465725f7573657269647c4e3b63656e7465725f666e616d657c4e3b63656e7465725f6c6e616d657c4e3b63656e7465725f656d61696c7c4e3b63656e7465725f4c6f67676564496e7c623a313b),
('4rb4ms3408pvfh01il9jk9r72u7fgfq0', '::1', 1514988064, 0x5f5f63695f6c6173745f726567656e65726174657c693a313531343938383036323b63656e7465725f7573657269647c4e3b63656e7465725f666e616d657c4e3b63656e7465725f6c6e616d657c4e3b63656e7465725f656d61696c7c4e3b63656e7465725f4c6f67676564496e7c623a313b),
('j7cb92i6f0buke36hhjuei4irrroi05n', '::1', 1514989099, 0x5f5f63695f6c6173745f726567656e65726174657c693a313531343938383832353b63656e7465725f7573657269647c4e3b63656e7465725f666e616d657c4e3b63656e7465725f6c6e616d657c4e3b63656e7465725f656d61696c7c4e3b63656e7465725f4c6f67676564496e7c623a313b),
('5d4587odd2h13cht5rn0b1dtv1v9rvte', '::1', 1514989281, 0x5f5f63695f6c6173745f726567656e65726174657c693a313531343938393137303b63656e7465725f7573657269647c4e3b63656e7465725f666e616d657c4e3b63656e7465725f6c6e616d657c4e3b63656e7465725f656d61696c7c4e3b63656e7465725f4c6f67676564496e7c623a313b),
('iacd86rdelr4v56n805u7m0qs6uergpe', '::1', 1514989845, 0x5f5f63695f6c6173745f726567656e65726174657c693a313531343938393535393b63656e7465725f7573657269647c4e3b63656e7465725f666e616d657c4e3b63656e7465725f6c6e616d657c4e3b63656e7465725f656d61696c7c4e3b63656e7465725f4c6f67676564496e7c623a313b),
('tsrl8e8btnn5aodjd187hoaqmcrev5hi', '::1', 1514989882, 0x5f5f63695f6c6173745f726567656e65726174657c693a313531343938393838323b63656e7465725f7573657269647c4e3b63656e7465725f666e616d657c4e3b63656e7465725f6c6e616d657c4e3b63656e7465725f656d61696c7c4e3b63656e7465725f4c6f67676564496e7c623a313b),
('5o0dda710f99v6l5lo8c85d1c9osd5nb', '::1', 1514990592, 0x5f5f63695f6c6173745f726567656e65726174657c693a313531343939303539323b63656e7465725f7573657269647c4e3b63656e7465725f666e616d657c4e3b63656e7465725f6c6e616d657c4e3b63656e7465725f656d61696c7c4e3b63656e7465725f4c6f67676564496e7c623a313b),
('fd6054j15fcrmuvabj5mlk0vl2ngnma9', '::1', 1514995404, 0x5f5f63695f6c6173745f726567656e65726174657c693a313531343939353430343b63656e7465725f7573657269647c4e3b63656e7465725f666e616d657c4e3b63656e7465725f6c6e616d657c4e3b63656e7465725f656d61696c7c4e3b63656e7465725f4c6f67676564496e7c623a313b),
('i18ce9iqothk5qu2ooh9klqpvgasjmhe', '::1', 1514995776, 0x5f5f63695f6c6173745f726567656e65726174657c693a313531343939353737363b63656e7465725f7573657269647c4e3b63656e7465725f666e616d657c4e3b63656e7465725f6c6e616d657c4e3b63656e7465725f656d61696c7c4e3b63656e7465725f4c6f67676564496e7c623a313b),
('heafn546u4401lvgqnp75vnnlbt0eqh9', '::1', 1514998335, 0x5f5f63695f6c6173745f726567656e65726174657c693a313531343939383333353b63656e7465725f7573657269647c4e3b63656e7465725f666e616d657c4e3b63656e7465725f6c6e616d657c4e3b63656e7465725f656d61696c7c4e3b63656e7465725f4c6f67676564496e7c623a313b),
('gnil5s45lbki07uci4vvhbvt5oiusp23', '::1', 1515000938, 0x5f5f63695f6c6173745f726567656e65726174657c693a313531353030303731323b63656e7465725f7573657269647c4e3b63656e7465725f666e616d657c4e3b63656e7465725f6c6e616d657c4e3b63656e7465725f656d61696c7c4e3b63656e7465725f4c6f67676564496e7c623a313b),
('mku60p322t912umelno2h66vucvtd5ir', '::1', 1515001204, 0x5f5f63695f6c6173745f726567656e65726174657c693a313531353030313032353b63656e7465725f7573657269647c4e3b63656e7465725f666e616d657c4e3b63656e7465725f6c6e616d657c4e3b63656e7465725f656d61696c7c4e3b63656e7465725f4c6f67676564496e7c623a313b),
('8if8rnskigp9urth3ljhq95t3u4emf28', '::1', 1515001627, 0x5f5f63695f6c6173745f726567656e65726174657c693a313531353030313534343b63656e7465725f7573657269647c4e3b63656e7465725f666e616d657c4e3b63656e7465725f6c6e616d657c4e3b63656e7465725f656d61696c7c4e3b63656e7465725f4c6f67676564496e7c623a313b),
('tjon9m09bn1jhhlmloefl9d2uvk6l5eq', '::1', 1515062608, 0x5f5f63695f6c6173745f726567656e65726174657c693a313531353036323439333b63656e7465725f7573657269647c4e3b63656e7465725f666e616d657c4e3b63656e7465725f6c6e616d657c4e3b63656e7465725f656d61696c7c4e3b63656e7465725f4c6f67676564496e7c623a313b),
('5927t2agtnfuu8kmqnuvjko0qkkqem52', '::1', 1515068253, 0x5f5f63695f6c6173745f726567656e65726174657c693a313531353036383032323b63656e7465725f7573657269647c4e3b63656e7465725f666e616d657c4e3b63656e7465725f6c6e616d657c4e3b63656e7465725f656d61696c7c4e3b63656e7465725f4c6f67676564496e7c623a313b),
('nnkm8oj6cdgfjv75pbb0t9naktp4k26f', '::1', 1515068532, 0x5f5f63695f6c6173745f726567656e65726174657c693a313531353036383333393b63656e7465725f7573657269647c4e3b63656e7465725f666e616d657c4e3b63656e7465725f6c6e616d657c4e3b63656e7465725f656d61696c7c4e3b63656e7465725f4c6f67676564496e7c623a313b),
('fqr32k025184vq8hu1bcjrms2irs3ree', '::1', 1515068895, 0x5f5f63695f6c6173745f726567656e65726174657c693a313531353036383636373b63656e7465725f7573657269647c4e3b63656e7465725f666e616d657c4e3b63656e7465725f6c6e616d657c4e3b63656e7465725f656d61696c7c4e3b63656e7465725f4c6f67676564496e7c623a313b),
('obia2as3fnklhkleqt83opp0emegu5hu', '::1', 1515070104, 0x5f5f63695f6c6173745f726567656e65726174657c693a313531353036393936383b63656e7465725f7573657269647c4e3b63656e7465725f666e616d657c4e3b63656e7465725f6c6e616d657c4e3b63656e7465725f656d61696c7c4e3b63656e7465725f4c6f67676564496e7c623a313b),
('gk81bus3n8e4h30giel2hm324ss72i0n', '::1', 1515070456, 0x5f5f63695f6c6173745f726567656e65726174657c693a313531353037303330383b63656e7465725f7573657269647c4e3b63656e7465725f666e616d657c4e3b63656e7465725f6c6e616d657c4e3b63656e7465725f656d61696c7c4e3b63656e7465725f4c6f67676564496e7c623a313b),
('3h3bspi1d6v2pk2uckj3irg714uu9lvu', '::1', 1515070933, 0x5f5f63695f6c6173745f726567656e65726174657c693a313531353037303633383b63656e7465725f7573657269647c4e3b63656e7465725f666e616d657c4e3b63656e7465725f6c6e616d657c4e3b63656e7465725f656d61696c7c4e3b63656e7465725f4c6f67676564496e7c623a313b),
('aju7u3umag5tdvb2o1opk8jrdeet67ee', '::1', 1515071187, 0x5f5f63695f6c6173745f726567656e65726174657c693a313531353037313132393b63656e7465725f7573657269647c733a313a2232223b63656e7465725f666e616d657c733a353a22737572616a223b63656e7465725f6c6e616d657c733a363a227368696e6465223b63656e7465725f656d61696c7c733a31353a22737572616a40676d61696c2e636f6d223b63656e7465725f4c6f67676564496e7c623a313b),
('6f8bdok3n8j6tsahubg9jl50ucol8r0l', '::1', 1515072062, 0x5f5f63695f6c6173745f726567656e65726174657c693a313531353037313738323b63656e7465725f7573657269647c733a313a2232223b63656e7465725f666e616d657c733a353a22737572616a223b63656e7465725f6c6e616d657c733a363a227368696e6465223b63656e7465725f656d61696c7c733a31353a22737572616a40676d61696c2e636f6d223b63656e7465725f4c6f67676564496e7c623a313b),
('grigj1e1eak59a4m508l5vksqjlfqpgm', '::1', 1515072293, 0x5f5f63695f6c6173745f726567656e65726174657c693a313531353037323138363b63656e7465725f7573657269647c733a313a2232223b63656e7465725f666e616d657c733a353a22737572616a223b63656e7465725f6c6e616d657c733a363a227368696e6465223b63656e7465725f656d61696c7c733a31353a22737572616a40676d61696c2e636f6d223b63656e7465725f6d6f62696c657c733a31303a2231323334353637383930223b63656e7465725f4c6f67676564496e7c623a313b),
('tmjqsn55edqdjq1uv7el5vaj9via5af8', '::1', 1515085948, 0x5f5f63695f6c6173745f726567656e65726174657c693a313531353038353637353b),
('mt2a027s3j1qu7hsvjc7ulgos2opoesn', '::1', 1515086402, 0x5f5f63695f6c6173745f726567656e65726174657c693a313531353038363131303b),
('aojn8orij46jm6emtvcdmktvdbk07fj3', '::1', 1515086568, 0x5f5f63695f6c6173745f726567656e65726174657c693a313531353038363432393b63656e7465725f7573657269647c733a313a2232223b63656e7465725f666e616d657c733a353a22737572616a223b63656e7465725f6c6e616d657c733a363a227368696e6465223b63656e7465725f656d61696c7c733a31353a22737572616a40676d61696c2e636f6d223b63656e7465725f6d6f62696c657c733a31303a2231323334353637383930223b63656e7465725f4c6f67676564496e7c623a313b),
('11eoi83t1kio338f47osdi2fn5tphtvk', '::1', 1515087099, 0x5f5f63695f6c6173745f726567656e65726174657c693a313531353038363833313b63656e7465725f7573657269647c733a313a2232223b63656e7465725f666e616d657c733a353a22737572616a223b63656e7465725f6c6e616d657c733a363a227368696e6465223b63656e7465725f656d61696c7c733a31353a22737572616a40676d61696c2e636f6d223b63656e7465725f6d6f62696c657c733a31303a2231323334353637383930223b63656e7465725f4c6f67676564496e7c623a313b),
('akbbm5mv787mgo1g81ki01a48bi27bo4', '::1', 1515087370, 0x5f5f63695f6c6173745f726567656e65726174657c693a313531353038373336393b63656e7465725f7573657269647c733a313a2232223b63656e7465725f666e616d657c733a353a22737572616a223b63656e7465725f6c6e616d657c733a363a227368696e6465223b63656e7465725f656d61696c7c733a31353a22737572616a40676d61696c2e636f6d223b63656e7465725f6d6f62696c657c733a31303a2231323334353637383930223b63656e7465725f4c6f67676564496e7c623a313b),
('86g58epulg2c6i2ptm1017n11blhkj01', '::1', 1515088303, 0x5f5f63695f6c6173745f726567656e65726174657c693a313531353038383034323b63656e7465725f7573657269647c733a313a2232223b63656e7465725f666e616d657c733a353a22737572616a223b63656e7465725f6c6e616d657c733a363a227368696e6465223b63656e7465725f656d61696c7c733a31353a22737572616a40676d61696c2e636f6d223b63656e7465725f6d6f62696c657c733a31303a2231323334353637383930223b63656e7465725f4c6f67676564496e7c623a313b),
('prt13ahdln26m7aiok6p2d8r0jvlr3b1', '::1', 1515088828, 0x5f5f63695f6c6173745f726567656e65726174657c693a313531353038383534373b63656e7465725f7573657269647c733a313a2232223b63656e7465725f666e616d657c733a353a22737572616a223b63656e7465725f6c6e616d657c733a363a227368696e6465223b63656e7465725f656d61696c7c733a31353a22737572616a40676d61696c2e636f6d223b63656e7465725f6d6f62696c657c733a31303a2231323334353637383930223b63656e7465725f4c6f67676564496e7c623a313b),
('jsar5vblp5sjuchkvop9o7t477blqvad', '::1', 1515089808, 0x5f5f63695f6c6173745f726567656e65726174657c693a313531353038393536363b63656e7465725f7573657269647c733a313a2232223b63656e7465725f666e616d657c733a353a22737572616a223b63656e7465725f6c6e616d657c733a363a227368696e6465223b63656e7465725f656d61696c7c733a31353a22737572616a40676d61696c2e636f6d223b63656e7465725f6d6f62696c657c733a31303a2231323334353637383930223b63656e7465725f4c6f67676564496e7c623a313b),
('icmc1gcsejeesgg67eadkds0qj0aupo6', '::1', 1515090195, 0x5f5f63695f6c6173745f726567656e65726174657c693a313531353038393839383b63656e7465725f7573657269647c733a313a2232223b63656e7465725f666e616d657c733a353a22737572616a223b63656e7465725f6c6e616d657c733a363a227368696e6465223b63656e7465725f656d61696c7c733a31353a22737572616a40676d61696c2e636f6d223b63656e7465725f6d6f62696c657c733a31303a2231323334353637383930223b63656e7465725f4c6f67676564496e7c623a313b),
('e595021jr1o5kj92sig590ofi8o0ap2h', '::1', 1515090271, 0x5f5f63695f6c6173745f726567656e65726174657c693a313531353039303233383b63656e7465725f7573657269647c733a313a2232223b63656e7465725f666e616d657c733a353a22737572616a223b63656e7465725f6c6e616d657c733a363a227368696e6465223b63656e7465725f656d61696c7c733a31353a22737572616a40676d61696c2e636f6d223b63656e7465725f6d6f62696c657c733a31303a2231323334353637383930223b63656e7465725f4c6f67676564496e7c623a313b),
('4eb5heh6j8iinol3hcsdp474j4co92fq', '::1', 1515090676, 0x5f5f63695f6c6173745f726567656e65726174657c693a313531353039303535363b63656e7465725f7573657269647c733a313a2232223b63656e7465725f666e616d657c733a353a22737572616a223b63656e7465725f6c6e616d657c733a363a227368696e6465223b63656e7465725f656d61696c7c733a31353a22737572616a40676d61696c2e636f6d223b63656e7465725f6d6f62696c657c733a31303a2231323334353637383930223b63656e7465725f4c6f67676564496e7c623a313b),
('87u768ifqupfk5up3a99s9rhn9varpav', '::1', 1515126499, 0x5f5f63695f6c6173745f726567656e65726174657c693a313531353132363430343b73747564656e745f69647c733a323a223333223b73747564656e745f666e616d657c733a353a22537572616a223b73747564656e745f6c6e616d657c733a363a225368696e6465223b73747564656e745f656d61696c7c733a31353a22737572616a40676d61696c2e636f6d223b73747564656e744c6f67676564496e7c623a313b63656e7465725f7573657269647c733a313a2232223b63656e7465725f666e616d657c733a353a22737572616a223b63656e7465725f6c6e616d657c733a363a227368696e6465223b63656e7465725f656d61696c7c733a31353a22737572616a40676d61696c2e636f6d223b63656e7465725f6d6f62696c657c733a31303a2231323334353637383930223b63656e7465725f4c6f67676564496e7c623a313b),
('97hhpu1dshskehn7m26re1nr0ldc1qj4', '::1', 1515126907, 0x5f5f63695f6c6173745f726567656e65726174657c693a313531353132363739383b73747564656e745f69647c733a323a223333223b73747564656e745f666e616d657c733a353a22537572616a223b73747564656e745f6c6e616d657c733a363a225368696e6465223b73747564656e745f656d61696c7c733a31353a22737572616a40676d61696c2e636f6d223b73747564656e744c6f67676564496e7c623a313b63656e7465725f7573657269647c733a313a2232223b63656e7465725f666e616d657c733a353a22737572616a223b63656e7465725f6c6e616d657c733a363a227368696e6465223b63656e7465725f656d61696c7c733a31353a22737572616a40676d61696c2e636f6d223b63656e7465725f6d6f62696c657c733a31303a2231323334353637383930223b63656e7465725f4c6f67676564496e7c623a313b),
('02acg02lm9fh170sa5uumaijh4tohk71', '::1', 1515128587, 0x5f5f63695f6c6173745f726567656e65726174657c693a313531353132383433393b63656e7465725f69647c733a313a2232223b63656e7465725f666e616d657c733a353a22737572616a223b63656e7465725f6c6e616d657c733a363a227368696e6465223b63656e7465725f656d61696c7c733a31353a22737572616a40676d61696c2e636f6d223b63656e7465725f6d6f62696c657c733a31303a2231323334353637383930223b63656e7465725f4c6f67676564496e7c623a313b),
('e4df2prdfkd1462p59im0dr47mk5krm6', '::1', 1515129065, 0x5f5f63695f6c6173745f726567656e65726174657c693a313531353132393036323b63656e7465725f69647c733a313a2232223b63656e7465725f666e616d657c733a353a22737572616a223b63656e7465725f6c6e616d657c733a363a227368696e6465223b63656e7465725f656d61696c7c733a31353a22737572616a40676d61696c2e636f6d223b63656e7465725f6d6f62696c657c733a31303a2231323334353637383930223b63656e7465725f4c6f67676564496e7c623a313b),
('7btjnbr8mbe894lsa5msn9nn4ilrs84d', '::1', 1515129434, 0x5f5f63695f6c6173745f726567656e65726174657c693a313531353132393338323b63656e7465725f69647c733a313a2232223b63656e7465725f666e616d657c733a353a22737572616a223b63656e7465725f6c6e616d657c733a363a227368696e6465223b63656e7465725f656d61696c7c733a31353a22737572616a40676d61696c2e636f6d223b63656e7465725f6d6f62696c657c733a31303a2231323334353637383930223b63656e7465725f4c6f67676564496e7c623a313b),
('0h935l2h5qb4eb9ooill93fbo8gif4sk', '::1', 1515131504, 0x5f5f63695f6c6173745f726567656e65726174657c693a313531353133313439353b63656e7465725f69647c733a313a2232223b63656e7465725f666e616d657c733a353a22737572616a223b63656e7465725f6c6e616d657c733a363a227368696e6465223b63656e7465725f656d61696c7c733a31353a22737572616a40676d61696c2e636f6d223b63656e7465725f6d6f62696c657c733a31303a2231323334353637383930223b63656e7465725f4c6f67676564496e7c623a313b),
('oegv0dsqi4jecr1vnu2avodtarqfojk4', '::1', 1515133399, 0x5f5f63695f6c6173745f726567656e65726174657c693a313531353133333331393b63656e7465725f69647c733a313a2232223b63656e7465725f666e616d657c733a353a22737572616a223b63656e7465725f6c6e616d657c733a363a227368696e6465223b63656e7465725f656d61696c7c733a31353a22737572616a40676d61696c2e636f6d223b63656e7465725f6d6f62696c657c733a31303a2231323334353637383930223b63656e7465725f4c6f67676564496e7c623a313b),
('3cv8e0o9p7685fb8udo1hvd23cllbin7', '::1', 1515136436, 0x5f5f63695f6c6173745f726567656e65726174657c693a313531353133363134343b63656e7465725f69647c733a313a2232223b63656e7465725f666e616d657c733a353a22737572616a223b63656e7465725f6c6e616d657c733a363a227368696e6465223b63656e7465725f656d61696c7c733a31353a22737572616a40676d61696c2e636f6d223b63656e7465725f6d6f62696c657c733a31303a2231323334353637383930223b63656e7465725f4c6f67676564496e7c623a313b),
('nftropas1ne39geg7acd7t4qe9av7b6o', '::1', 1515136541, 0x5f5f63695f6c6173745f726567656e65726174657c693a313531353133363434363b63656e7465725f69647c733a313a2232223b63656e7465725f666e616d657c733a353a22737572616a223b63656e7465725f6c6e616d657c733a363a227368696e6465223b63656e7465725f656d61696c7c733a31353a22737572616a40676d61696c2e636f6d223b63656e7465725f6d6f62696c657c733a31303a2231323334353637383930223b63656e7465725f4c6f67676564496e7c623a313b),
('uqrnjqe8mqa3m94a1hvb6a1tg8288fre', '::1', 1515136901, 0x5f5f63695f6c6173745f726567656e65726174657c693a313531353133363839333b63656e7465725f69647c733a313a2232223b63656e7465725f666e616d657c733a353a22737572616a223b63656e7465725f6c6e616d657c733a363a227368696e6465223b63656e7465725f656d61696c7c733a31353a22737572616a40676d61696c2e636f6d223b63656e7465725f6d6f62696c657c733a31303a2231323334353637383930223b63656e7465725f4c6f67676564496e7c623a313b),
('7oehbu9e74qcjquom0s5h5hjue94uvet', '::1', 1515137592, 0x5f5f63695f6c6173745f726567656e65726174657c693a313531353133373539323b63656e7465725f69647c733a313a2232223b63656e7465725f666e616d657c733a353a22737572616a223b63656e7465725f6c6e616d657c733a363a227368696e6465223b63656e7465725f656d61696c7c733a31353a22737572616a40676d61696c2e636f6d223b63656e7465725f6d6f62696c657c733a31303a2231323334353637383930223b63656e7465725f4c6f67676564496e7c623a313b),
('2nqkue70c76g9ib0r96mabflh7fqihqn', '::1', 1515139101, 0x5f5f63695f6c6173745f726567656e65726174657c693a313531353133393035323b63656e7465725f69647c733a313a2232223b63656e7465725f666e616d657c733a353a22737572616a223b63656e7465725f6c6e616d657c733a363a227368696e6465223b63656e7465725f656d61696c7c733a31353a22737572616a40676d61696c2e636f6d223b63656e7465725f6d6f62696c657c733a31303a2231323334353637383930223b63656e7465725f4c6f67676564496e7c623a313b),
('8664t27fqr4q3s6tgmbvu6d3n1ajd3m8', '::1', 1515141114, 0x5f5f63695f6c6173745f726567656e65726174657c693a313531353134303838343b63656e7465725f69647c733a313a2232223b63656e7465725f666e616d657c733a353a22737572616a223b63656e7465725f6c6e616d657c733a363a227368696e6465223b63656e7465725f656d61696c7c733a31353a22737572616a40676d61696c2e636f6d223b63656e7465725f6d6f62696c657c733a31303a2231323334353637383930223b63656e7465725f4c6f67676564496e7c623a313b),
('c7aqaf4m3ck4f78qr33n397q9ttv49an', '::1', 1515141462, 0x5f5f63695f6c6173745f726567656e65726174657c693a313531353134313235343b63656e7465725f69647c733a313a2232223b63656e7465725f666e616d657c733a353a22737572616a223b63656e7465725f6c6e616d657c733a363a227368696e6465223b63656e7465725f656d61696c7c733a31353a22737572616a40676d61696c2e636f6d223b63656e7465725f6d6f62696c657c733a31303a2231323334353637383930223b63656e7465725f4c6f67676564496e7c623a313b),
('9st110ph3vfbeqetfb1rcbeaqamjqfha', '::1', 1515145230, 0x5f5f63695f6c6173745f726567656e65726174657c693a313531353134353233303b),
('clv77i0suuclu8nme0msiqvnq76j2ach', '::1', 1515156334, 0x5f5f63695f6c6173745f726567656e65726174657c693a313531353135363033373b73747564656e745f69647c733a323a223333223b73747564656e745f666e616d657c733a353a22537572616a223b73747564656e745f6c6e616d657c733a363a225368696e6465223b73747564656e745f656d61696c7c733a31353a22737572616a40676d61696c2e636f6d223b73747564656e744c6f67676564496e7c623a313b),
('6c9u28mfsos9611uueho30alru7nsr8o', '::1', 1515156432, 0x5f5f63695f6c6173745f726567656e65726174657c693a313531353135363334333b73747564656e745f69647c733a323a223333223b73747564656e745f666e616d657c733a353a22537572616a223b73747564656e745f6c6e616d657c733a363a225368696e6465223b73747564656e745f656d61696c7c733a31353a22737572616a40676d61696c2e636f6d223b73747564656e744c6f67676564496e7c623a313b63656e7465725f69647c733a313a2232223b63656e7465725f666e616d657c733a353a22737572616a223b63656e7465725f6c6e616d657c733a363a227368696e6465223b63656e7465725f656d61696c7c733a31353a22737572616a40676d61696c2e636f6d223b63656e7465725f6d6f62696c657c733a31303a2231323334353637383930223b63656e7465725f6e616d657c733a383a2274616c6567616f6e223b63656e7465725f4c6f67676564496e7c623a313b),
('80307o74la93mevd9c3ri0f5egip3q4q', '::1', 1515157257, 0x5f5f63695f6c6173745f726567656e65726174657c693a313531353135363939323b73747564656e745f69647c733a323a223333223b73747564656e745f666e616d657c733a353a22537572616a223b73747564656e745f6c6e616d657c733a363a225368696e6465223b73747564656e745f656d61696c7c733a31353a22737572616a40676d61696c2e636f6d223b73747564656e744c6f67676564496e7c623a313b63656e7465725f69647c733a313a2232223b63656e7465725f666e616d657c733a353a22737572616a223b63656e7465725f6c6e616d657c733a363a227368696e6465223b63656e7465725f656d61696c7c733a31353a22737572616a40676d61696c2e636f6d223b63656e7465725f6d6f62696c657c733a31303a2231323334353637383930223b63656e7465725f6e616d657c733a383a2274616c6567616f6e223b63656e7465725f4c6f67676564496e7c623a313b),
('bmgtm2sd96rjl4nqvi9cueeuu205h0b3', '::1', 1515158115, 0x5f5f63695f6c6173745f726567656e65726174657c693a313531353135383035313b73747564656e745f69647c733a323a223333223b73747564656e745f666e616d657c733a353a22537572616a223b73747564656e745f6c6e616d657c733a363a225368696e6465223b73747564656e745f656d61696c7c733a31353a22737572616a40676d61696c2e636f6d223b73747564656e744c6f67676564496e7c623a313b63656e7465725f69647c733a313a2232223b63656e7465725f666e616d657c733a353a22737572616a223b63656e7465725f6c6e616d657c733a363a227368696e6465223b63656e7465725f656d61696c7c733a31353a22737572616a40676d61696c2e636f6d223b63656e7465725f6d6f62696c657c733a31303a2231323334353637383930223b63656e7465725f6e616d657c733a383a2274616c6567616f6e223b63656e7465725f4c6f67676564496e7c623a313b),
('d87alnuh8k9d3i1dp0bovi1p07df1ccb', '::1', 1515159023, 0x5f5f63695f6c6173745f726567656e65726174657c693a313531353135383734393b73747564656e745f69647c733a323a223333223b73747564656e745f666e616d657c733a353a22537572616a223b73747564656e745f6c6e616d657c733a363a225368696e6465223b73747564656e745f656d61696c7c733a31353a22737572616a40676d61696c2e636f6d223b73747564656e744c6f67676564496e7c623a313b63656e7465725f69647c733a313a2232223b63656e7465725f666e616d657c733a353a22737572616a223b63656e7465725f6c6e616d657c733a363a227368696e6465223b63656e7465725f656d61696c7c733a31353a22737572616a40676d61696c2e636f6d223b63656e7465725f6d6f62696c657c733a31303a2231323334353637383930223b63656e7465725f6e616d657c733a383a2274616c6567616f6e223b63656e7465725f4c6f67676564496e7c623a313b),
('q8fcf06k571i0gif9j7868huhcjvg039', '::1', 1515159370, 0x5f5f63695f6c6173745f726567656e65726174657c693a313531353135393037353b73747564656e745f69647c733a323a223333223b73747564656e745f666e616d657c733a353a22537572616a223b73747564656e745f6c6e616d657c733a363a225368696e6465223b73747564656e745f656d61696c7c733a31353a22737572616a40676d61696c2e636f6d223b73747564656e744c6f67676564496e7c623a313b63656e7465725f69647c733a313a2232223b63656e7465725f666e616d657c733a353a22737572616a223b63656e7465725f6c6e616d657c733a363a227368696e6465223b63656e7465725f656d61696c7c733a31353a22737572616a40676d61696c2e636f6d223b63656e7465725f6d6f62696c657c733a31303a2231323334353637383930223b63656e7465725f6e616d657c733a383a2274616c6567616f6e223b63656e7465725f4c6f67676564496e7c623a313b),
('h1f8qb4e0es275iq91iggi1n1pm5p08d', '::1', 1515160252, 0x5f5f63695f6c6173745f726567656e65726174657c693a313531353136303036393b73747564656e745f69647c733a323a223333223b73747564656e745f666e616d657c733a353a22537572616a223b73747564656e745f6c6e616d657c733a363a225368696e6465223b73747564656e745f656d61696c7c733a31353a22737572616a40676d61696c2e636f6d223b73747564656e744c6f67676564496e7c623a313b63656e7465725f69647c733a313a2232223b63656e7465725f666e616d657c733a353a22737572616a223b63656e7465725f6c6e616d657c733a363a227368696e6465223b63656e7465725f656d61696c7c733a31353a22737572616a40676d61696c2e636f6d223b63656e7465725f6d6f62696c657c733a31303a2231323334353637383930223b63656e7465725f6e616d657c733a383a2274616c6567616f6e223b63656e7465725f4c6f67676564496e7c623a313b),
('l55vco8fuickbgrbhq4n3jbv5dq4r825', '::1', 1515160742, 0x5f5f63695f6c6173745f726567656e65726174657c693a313531353136303436323b73747564656e745f69647c733a323a223333223b73747564656e745f666e616d657c733a353a22537572616a223b73747564656e745f6c6e616d657c733a363a225368696e6465223b73747564656e745f656d61696c7c733a31353a22737572616a40676d61696c2e636f6d223b73747564656e744c6f67676564496e7c623a313b63656e7465725f69647c733a313a2232223b63656e7465725f666e616d657c733a353a22737572616a223b63656e7465725f6c6e616d657c733a363a227368696e6465223b63656e7465725f656d61696c7c733a31353a22737572616a40676d61696c2e636f6d223b63656e7465725f6d6f62696c657c733a31303a2231323334353637383930223b63656e7465725f6e616d657c733a383a2274616c6567616f6e223b63656e7465725f4c6f67676564496e7c623a313b),
('ouqb5oggij4i0itmg4c0ncdktjgbhrif', '::1', 1515160782, 0x5f5f63695f6c6173745f726567656e65726174657c693a313531353136303738323b73747564656e745f69647c733a323a223333223b73747564656e745f666e616d657c733a353a22537572616a223b73747564656e745f6c6e616d657c733a363a225368696e6465223b73747564656e745f656d61696c7c733a31353a22737572616a40676d61696c2e636f6d223b73747564656e744c6f67676564496e7c623a313b63656e7465725f69647c733a313a2232223b63656e7465725f666e616d657c733a353a22737572616a223b63656e7465725f6c6e616d657c733a363a227368696e6465223b63656e7465725f656d61696c7c733a31353a22737572616a40676d61696c2e636f6d223b63656e7465725f6d6f62696c657c733a31303a2231323334353637383930223b63656e7465725f6e616d657c733a383a2274616c6567616f6e223b63656e7465725f4c6f67676564496e7c623a313b),
('npdmifdtutlc0593ttuon20rgbdgujpf', '::1', 1515161439, 0x5f5f63695f6c6173745f726567656e65726174657c693a313531353136313432343b73747564656e745f69647c733a323a223333223b73747564656e745f666e616d657c733a353a22537572616a223b73747564656e745f6c6e616d657c733a363a225368696e6465223b73747564656e745f656d61696c7c733a31353a22737572616a40676d61696c2e636f6d223b73747564656e744c6f67676564496e7c623a313b63656e7465725f69647c733a313a2232223b63656e7465725f666e616d657c733a353a22737572616a223b63656e7465725f6c6e616d657c733a363a227368696e6465223b63656e7465725f656d61696c7c733a31353a22737572616a40676d61696c2e636f6d223b63656e7465725f6d6f62696c657c733a31303a2231323334353637383930223b63656e7465725f6e616d657c733a383a2274616c6567616f6e223b63656e7465725f4c6f67676564496e7c623a313b),
('i5jlt3l1o2e5k4ub83q4ihu8ql0gvhlj', '::1', 1515163126, 0x5f5f63695f6c6173745f726567656e65726174657c693a313531353136323836333b63656e7465725f69647c733a313a2232223b63656e7465725f666e616d657c733a353a22737572616a223b63656e7465725f6c6e616d657c733a363a227368696e6465223b63656e7465725f656d61696c7c733a31373a22737572616a407765626f7379732e636f6d223b63656e7465725f6d6f62696c657c733a31303a2239303735353534333039223b63656e7465725f6e616d657c733a383a2274616c6567616f6e223b63656e7465725f4c6f67676564496e7c623a313b),
('1hsudjsdu087vs6ta0f9ehtka2uk1rgi', '::1', 1515163334, 0x5f5f63695f6c6173745f726567656e65726174657c693a313531353136333138363b63656e7465725f69647c733a313a2232223b63656e7465725f666e616d657c733a353a22737572616a223b63656e7465725f6c6e616d657c733a363a227368696e6465223b63656e7465725f656d61696c7c733a31373a22737572616a407765626f7379732e636f6d223b63656e7465725f6d6f62696c657c733a31303a2239303735353534333039223b63656e7465725f6e616d657c733a383a2274616c6567616f6e223b63656e7465725f4c6f67676564496e7c623a313b),
('op0kuu79avf5g3b19vetc6vpgpp68pnb', '::1', 1515163733, 0x5f5f63695f6c6173745f726567656e65726174657c693a313531353136333733333b63656e7465725f69647c733a313a2232223b63656e7465725f666e616d657c733a353a22737572616a223b63656e7465725f6c6e616d657c733a363a227368696e6465223b63656e7465725f656d61696c7c733a31373a22737572616a407765626f7379732e636f6d223b63656e7465725f6d6f62696c657c733a31303a2239303735353534333039223b63656e7465725f6e616d657c733a383a2274616c6567616f6e223b63656e7465725f4c6f67676564496e7c623a313b),
('lgb3bs9jum5qddqgehdpfuc2has34iq6', '::1', 1515175675, 0x5f5f63695f6c6173745f726567656e65726174657c693a313531353137353338383b),
('lgqteci5takkl1scrsq4r3k1r5gr2f3i', '::1', 1515176878, 0x5f5f63695f6c6173745f726567656e65726174657c693a313531353137363636373b),
('pmaqlv0n0003frq7b10696m52i4fqahu', '::1', 1515177656, 0x5f5f63695f6c6173745f726567656e65726174657c693a313531353137373431373b);
INSERT INTO `ci_sessions` (`id`, `ip_address`, `timestamp`, `data`) VALUES
('toovu3fu3lpccgi9kq3vhmsf5m8jgdba', '::1', 1515177863, 0x5f5f63695f6c6173745f726567656e65726174657c693a313531353137373735343b6572726f727c733a34303a225468697320656d61696c206964206973206e6f74207265676973746572656420776974682075732e223b5f5f63695f766172737c613a313a7b733a353a226572726f72223b733a333a226f6c64223b7d),
('ljfl6o5g14k8gah4cq9rfikovd0itcjq', '::1', 1515178198, 0x5f5f63695f6c6173745f726567656e65726174657c693a313531353137383139383b6572726f727c733a34303a225468697320656d61696c206964206973206e6f74207265676973746572656420776974682075732e223b5f5f63695f766172737c613a313a7b733a353a226572726f72223b733a333a226f6c64223b7d);

-- --------------------------------------------------------

--
-- Table structure for table `contents`
--

CREATE TABLE `contents` (
  `content_id` int(11) NOT NULL,
  `course_id` int(11) NOT NULL,
  `topic_id` int(11) NOT NULL,
  `content_name` int(11) NOT NULL,
  `discription` text NOT NULL,
  `content_created_at` date NOT NULL,
  `content_created_by` varchar(100) NOT NULL,
  `content_status` int(11) NOT NULL
) ENGINE=InnoDB DEFAULT CHARSET=latin1;

-- --------------------------------------------------------

--
-- Table structure for table `courses`
--

CREATE TABLE `courses` (
  `course_id` int(11) NOT NULL,
  `course_name` varchar(255) NOT NULL,
  `course_duration` varchar(255) NOT NULL,
  `course_fees` int(11) NOT NULL,
  `course_created_at` date NOT NULL,
  `course_created_by` varchar(100) NOT NULL,
  `course_status` int(11) NOT NULL
) ENGINE=InnoDB DEFAULT CHARSET=latin1 ROW_FORMAT=COMPACT;

--
-- Dumping data for table `courses`
--

INSERT INTO `courses` (`course_id`, `course_name`, `course_duration`, `course_fees`, `course_created_at`, `course_created_by`, `course_status`) VALUES
(1, 'Tally', '2 Month', 550, '2017-11-25', 'admin', 1),
(2, 'MSCIT', '4', 4000, '2017-11-29', 'admin', 1),
(7, 'demo', '5 month', 500, '2017-11-28', 'admin', 0),
(9, 'c+++', '1.5 Month', 800, '2017-11-28', 'admin', 1),
(10, 'abcde', '3 mon', 3522, '2017-11-29', 'admin', 1);

-- --------------------------------------------------------

--
-- Table structure for table `exams`
--

CREATE TABLE `exams` (
  `exam_id` int(11) NOT NULL,
  `question_paper_id` int(11) NOT NULL,
  `student_id` int(11) NOT NULL,
  `exam_obtain_marks` int(11) NOT NULL,
  `exam_taken_time` varchar(100) NOT NULL,
  `exam_percentage` float NOT NULL,
  `exam_result` varchar(100) NOT NULL,
  `exam_date` datetime NOT NULL,
  `exam_status` int(11) NOT NULL
) ENGINE=InnoDB DEFAULT CHARSET=latin1;

-- --------------------------------------------------------

--
-- Table structure for table `exam_details`
--

CREATE TABLE `exam_details` (
  `exam_detail_id` int(11) NOT NULL,
  `exam_id` int(11) NOT NULL,
  `student_id` int(11) NOT NULL,
  `question_id` int(11) NOT NULL,
  `correct_ans` varchar(255) NOT NULL,
  `given_ans` varchar(255) NOT NULL,
  `mark` int(11) NOT NULL,
  `taken_time` varchar(50) NOT NULL,
  `ans_status` varchar(100) NOT NULL,
  `exam_detail_status` int(11) NOT NULL
) ENGINE=InnoDB DEFAULT CHARSET=latin1;

-- --------------------------------------------------------

--
-- Table structure for table `orders`
--

CREATE TABLE `orders` (
  `order_id` int(11) NOT NULL,
  `center_id` int(11) NOT NULL,
  `order_name` varchar(255) NOT NULL,
  `order_amount` int(11) NOT NULL,
  `student_qty` int(11) NOT NULL,
  `order_date` date NOT NULL,
  `order_status` varchar(150) NOT NULL
) ENGINE=InnoDB DEFAULT CHARSET=latin1;

--
-- Dumping data for table `orders`
--

INSERT INTO `orders` (`order_id`, `center_id`, `order_name`, `order_amount`, `student_qty`, `order_date`, `order_status`) VALUES
(1, 2, 'Addmision', 550, 1, '2018-01-05', 'pending'),
(2, 2, 'Addmision', 550, 1, '2018-01-05', 'pending'),
(3, 2, 'Addmision', 550, 1, '2018-01-05', 'pending'),
(4, 2, 'Addmision', 550, 1, '2018-01-05', 'pending'),
(5, 2, 'Addmision', 550, 1, '2018-01-05', 'pending'),
(6, 2, 'Addmision', 550, 1, '2018-01-05', 'success');

-- --------------------------------------------------------

--
-- Table structure for table `order_details`
--

CREATE TABLE `order_details` (
  `order_detail_id` int(11) NOT NULL,
  `order_id` int(11) NOT NULL,
  `center_id` int(11) NOT NULL,
  `student_id` int(11) NOT NULL,
  `course_id` int(11) NOT NULL,
  `od_course_fees` int(11) NOT NULL,
  `order_detail_status` varchar(100) NOT NULL
) ENGINE=InnoDB DEFAULT CHARSET=latin1;

-- --------------------------------------------------------

--
-- Table structure for table `payment`
--

CREATE TABLE `payment` (
  `p_id` int(11) NOT NULL,
  `order_id` int(11) NOT NULL,
  `payment_id` int(11) NOT NULL,
  `merchant_order_id` varchar(60) NOT NULL,
  `payment_gateway` varchar(60) NOT NULL,
  `bank_ref_num` varchar(60) NOT NULL,
  `center_id` int(11) NOT NULL,
  `name` varchar(60) NOT NULL,
  `email` varchar(60) NOT NULL,
  `mobile` varchar(60) NOT NULL,
  `amount` int(11) NOT NULL,
  `payment_at` date NOT NULL,
  `payment_status` varchar(60) NOT NULL
) ENGINE=InnoDB DEFAULT CHARSET=latin1;

--
-- Dumping data for table `payment`
--

INSERT INTO `payment` (`p_id`, `order_id`, `payment_id`, `merchant_order_id`, `payment_gateway`, `bank_ref_num`, `center_id`, `name`, `email`, `mobile`, `amount`, `payment_at`, `payment_status`) VALUES
(1, 6, 7793, '1d0172ca206cb50b2ec1', 'HDFCPG', '297382092080050', 2, 'suraj', 'suraj@webosys.com', '9075554309', 550, '2018-01-05', 'success');

-- --------------------------------------------------------

--
-- Table structure for table `questions`
--

CREATE TABLE `questions` (
  `question_id` int(11) NOT NULL,
  `question_name` varchar(255) NOT NULL,
  `question_option_a` varchar(255) NOT NULL,
  `question_option_b` varchar(255) NOT NULL,
  `question_option_c` varchar(255) NOT NULL,
  `question_option_d` varchar(255) NOT NULL,
  `question_correct_ans` varchar(50) NOT NULL,
  `question_created_at` date NOT NULL,
  `question_created_by` varchar(100) NOT NULL,
  `question_status` int(11) NOT NULL
) ENGINE=InnoDB DEFAULT CHARSET=latin1;

-- --------------------------------------------------------

--
-- Table structure for table `question_papers`
--

CREATE TABLE `question_papers` (
  `question_paper_id` int(11) NOT NULL,
  `qp_name` varchar(255) NOT NULL,
  `qp_no_of_qsn` int(11) NOT NULL,
  `qp_total_marks` int(11) NOT NULL,
  `qp_total_time` varchar(255) NOT NULL,
  `qp_created_at` date NOT NULL,
  `qp_created_by` varchar(100) NOT NULL,
  `qp_status` int(11) NOT NULL
) ENGINE=InnoDB DEFAULT CHARSET=latin1 ROW_FORMAT=COMPACT;

-- --------------------------------------------------------

--
-- Table structure for table `students`
--

CREATE TABLE `students` (
  `student_id` int(11) NOT NULL,
  `center_id` int(11) NOT NULL,
  `course_id` int(60) NOT NULL,
  `student_fname` varchar(200) NOT NULL,
  `student_lname` varchar(250) NOT NULL,
  `student_email` varchar(200) NOT NULL,
  `student_mobile` varchar(12) NOT NULL,
  `student_gender` varchar(50) NOT NULL,
  `student_dob` date NOT NULL,
  `student_last_education` varchar(255) NOT NULL,
  `student_address` text NOT NULL,
  `student_city` varchar(255) NOT NULL,
  `student_state` varchar(255) NOT NULL,
  `student_pincode` int(11) NOT NULL,
  `student_username` varchar(255) NOT NULL,
  `student_password` varchar(255) NOT NULL,
  `student_profile_pic` varchar(255) NOT NULL,
  `student_created_at` date NOT NULL,
  `student_status` int(11) NOT NULL
) ENGINE=InnoDB DEFAULT CHARSET=latin1 ROW_FORMAT=COMPACT;

--
-- Dumping data for table `students`
--

INSERT INTO `students` (`student_id`, `center_id`, `course_id`, `student_fname`, `student_lname`, `student_email`, `student_mobile`, `student_gender`, `student_dob`, `student_last_education`, `student_address`, `student_city`, `student_state`, `student_pincode`, `student_username`, `student_password`, `student_profile_pic`, `student_created_at`, `student_status`) VALUES
(6, 1, 7, 'Pawan', 'Kadam', 'kadampawan11@gmail.com', '8286362625', 'male', '2017-11-15', 'B.E computer', 'satyaketu complex,B-402,sec-35,plot no-9,kamothe.', 'Navi Mumbai', 'maharashtra', 0, '', '', '', '2018-01-03', 1),
(29, 1, 1, '', '', '', '', '0', '0000-00-00', '', '', '', '', 0, '', '', '', '2017-12-26', 0),
(32, 1, 1, 'Xfnx', 'Fbzx', 'asda@sfjan.dk', '4545847128', '0', '0000-00-00', '', '', '', '', 0, '', '', '', '2017-12-26', 0),
(33, 1, 1, 'Suraj', 'Shinde', 'suraj@gmail.com', '9876543210', 'male', '1999-09-29', 'BE', 'vadegaon', 'parner', 'maharashtra', 0, '', '12345678', '', '2018-01-03', 1),
(34, 1, 1, 'Aishwarya ', 'Jadhav', 'aish@gmail.com', '8975115523', 'female', '1996-04-18', 'BE', 'Omerga', 'omerga', 'maharashtra', 0, '', '', '', '2017-12-29', 0),
(35, 1, 10, 'Sandip', 'Shinde', 'sandipshinde0100@gmail.com', '8554091485', 'male', '1993-03-05', 'BE', 'vadegaon', 'shirur', 'maharashtra', 0, '', '', '', '2017-12-29', 0);

-- --------------------------------------------------------

--
-- Table structure for table `tbl_items`
--

CREATE TABLE `tbl_items` (
  `itemId` int(11) NOT NULL,
  `itemHeader` varchar(512) NOT NULL COMMENT 'Heading',
  `itemSub` varchar(1021) NOT NULL COMMENT 'sub heading',
  `itemDesc` text COMMENT 'content or description',
  `itemImage` varchar(80) DEFAULT NULL,
  `isDeleted` tinyint(4) NOT NULL DEFAULT '0',
  `createdBy` int(11) NOT NULL,
  `createdDtm` datetime NOT NULL,
  `updatedDtm` datetime DEFAULT NULL,
  `updatedBy` int(11) DEFAULT NULL
) ENGINE=MyISAM DEFAULT CHARSET=utf8;

--
-- Dumping data for table `tbl_items`
--

INSERT INTO `tbl_items` (`itemId`, `itemHeader`, `itemSub`, `itemDesc`, `itemImage`, `isDeleted`, `createdBy`, `createdDtm`, `updatedDtm`, `updatedBy`) VALUES
(1, 'jquery.validation.js', 'Contribution towards jquery.validation.js', 'jquery.validation.js is the client side javascript validation library authored by Jrn Zaefferer hosted on github for us and we are trying to contribute to it. Working on localization now', 'validation.png', 0, 1, '2015-09-02 00:00:00', NULL, NULL),
(2, 'CodeIgniter User Management', 'Demo for user management system', 'This the demo of User Management System (Admin Panel) using CodeIgniter PHP MVC Framework and AdminLTE bootstrap theme. You can download the code from the repository or forked it to contribute. Usage and installation instructions are provided in ReadMe.MD', 'cias.png', 0, 1, '2015-09-02 00:00:00', NULL, NULL);

-- --------------------------------------------------------

--
-- Table structure for table `tbl_reset_password`
--

CREATE TABLE `tbl_reset_password` (
  `id` bigint(20) NOT NULL,
  `email` varchar(128) NOT NULL,
  `activation_id` varchar(32) NOT NULL,
  `agent` varchar(512) NOT NULL,
  `client_ip` varchar(32) NOT NULL,
  `isDeleted` tinyint(4) NOT NULL DEFAULT '0',
  `createdBy` bigint(20) NOT NULL DEFAULT '1',
  `createdDtm` datetime NOT NULL,
  `updatedBy` bigint(20) DEFAULT NULL,
  `updatedDtm` datetime DEFAULT NULL
) ENGINE=InnoDB DEFAULT CHARSET=latin1;

--
-- Dumping data for table `tbl_reset_password`
--

INSERT INTO `tbl_reset_password` (`id`, `email`, `activation_id`, `agent`, `client_ip`, `isDeleted`, `createdBy`, `createdDtm`, `updatedBy`, `updatedDtm`) VALUES
(22, 'admin@codeinsect.com', 'zgBG66qw1AW0O2H', 'Chrome 61.0.3163.100', '0.0.0.0', 0, 1, '2017-11-12 13:34:10', NULL, NULL);

-- --------------------------------------------------------

--
-- Table structure for table `tbl_roles`
--

CREATE TABLE `tbl_roles` (
  `roleId` tinyint(4) NOT NULL COMMENT 'role id',
  `role` varchar(50) NOT NULL COMMENT 'role text'
) ENGINE=MyISAM DEFAULT CHARSET=utf8;

--
-- Dumping data for table `tbl_roles`
--

INSERT INTO `tbl_roles` (`roleId`, `role`) VALUES
(1, 'System Administrator'),
(2, 'Manager'),
(3, 'Employee');

-- --------------------------------------------------------

--
-- Table structure for table `tbl_users`
--

CREATE TABLE `tbl_users` (
  `userId` int(11) NOT NULL,
  `email` varchar(128) NOT NULL COMMENT 'login email',
  `password` varchar(128) NOT NULL COMMENT 'hashed login password',
  `name` varchar(128) DEFAULT NULL COMMENT 'full name of user',
  `mobile` varchar(20) DEFAULT NULL,
  `roleId` tinyint(4) NOT NULL,
  `isDeleted` tinyint(4) NOT NULL DEFAULT '0',
  `createdBy` int(11) NOT NULL,
  `createdDtm` datetime NOT NULL,
  `updatedBy` int(11) DEFAULT NULL,
  `updatedDtm` datetime DEFAULT NULL
) ENGINE=MyISAM DEFAULT CHARSET=utf8;

--
-- Dumping data for table `tbl_users`
--

INSERT INTO `tbl_users` (`userId`, `email`, `password`, `name`, `mobile`, `roleId`, `isDeleted`, `createdBy`, `createdDtm`, `updatedBy`, `updatedDtm`) VALUES
(1, 'admin@codeinsect.com', '$2y$10$WQQRBQDkxV/98bqK.24Dp.uMVS6KcztVqdwwTrOBLIWLSeSqE2gii', 'System Administrator', '9890098900', 1, 0, 0, '2015-07-01 18:56:49', 1, '2017-03-03 12:08:39'),
(2, 'manager@codeinsect.com', '$2y$10$quODe6vkNma30rcxbAHbYuKYAZQqUaflBgc4YpV9/90ywd.5Koklm', 'Manager', '9890098900', 2, 0, 1, '2016-12-09 17:49:56', 1, '2017-02-10 17:23:53'),
(3, 'employee@codeinsect.com', '$2y$10$M3ttjnzOV2lZSigBtP0NxuCtKRte70nc8TY5vIczYAQvfG/8syRze', 'Employee', '9890098900', 3, 0, 1, '2016-12-09 17:50:22', NULL, NULL);

-- --------------------------------------------------------

--
-- Table structure for table `topics`
--

CREATE TABLE `topics` (
  `topic_id` int(11) NOT NULL,
  `course_id` int(11) NOT NULL,
  `topic_name` varchar(255) NOT NULL,
  `topic_video_path` varchar(250) NOT NULL,
  `topic_description` text NOT NULL,
  `topic_video_play_time` int(11) NOT NULL,
  `topic_created_at` date NOT NULL,
  `topic_created_by` varchar(100) NOT NULL,
  `topic_status` int(11) NOT NULL
) ENGINE=InnoDB DEFAULT CHARSET=latin1;

--
-- Dumping data for table `topics`
--

INSERT INTO `topics` (`topic_id`, `course_id`, `topic_name`, `topic_video_path`, `topic_description`, `topic_video_play_time`, `topic_created_at`, `topic_created_by`, `topic_status`) VALUES
(1, 1, 'Tally Started', '', '', 0, '2017-11-28', 'admin', 0),
(4, 1, 'SHRI SHIV SONS 123', '', '', 0, '2017-11-28', 'admin', 1),
(6, 0, 'sunil', '', '', 0, '2017-11-28', 'admin', 1),
(7, 7, 'smkfjnsdkfnds sfnsd fdsjf fsd fsdfdsjflsdkfklsdjfsdjf sfsdf sa', '', '', 0, '2017-11-28', 'admin', 0),
(8, 9, 'Get started c+++', '', '', 0, '2017-11-28', 'admin', 1);

-- --------------------------------------------------------

--
-- Table structure for table `users`
--

CREATE TABLE `users` (
  `user_id` int(11) NOT NULL,
  `user_fname` varchar(255) NOT NULL,
  `user_lname` varchar(255) NOT NULL,
  `user_email` varchar(255) NOT NULL,
  `user_mobile` int(11) NOT NULL,
  `user_gender` varchar(50) NOT NULL,
  `user_password` int(11) NOT NULL,
  `user_created_at` int(11) NOT NULL,
  `user_type` varchar(11) NOT NULL,
  `user_status` int(11) NOT NULL
) ENGINE=InnoDB DEFAULT CHARSET=latin1;

-- --------------------------------------------------------

--
-- Table structure for table `videos`
--

CREATE TABLE `videos` (
  `video_id` int(11) NOT NULL,
  `course_id` int(11) NOT NULL,
  `topic_id` int(11) NOT NULL,
  `video_name` varchar(255) NOT NULL,
  `video_path` varchar(255) NOT NULL,
  `video_play_time` int(11) NOT NULL,
  `video_created_at` date NOT NULL,
  `video_created_by` varchar(100) NOT NULL,
  `video_status` int(11) NOT NULL
) ENGINE=InnoDB DEFAULT CHARSET=latin1;

--
-- Indexes for dumped tables
--

--
-- Indexes for table `centers`
--
ALTER TABLE `centers`
  ADD PRIMARY KEY (`center_id`);

--
-- Indexes for table `ci_sessions`
--
ALTER TABLE `ci_sessions`
  ADD KEY `ci_sessions_timestamp` (`timestamp`);

--
-- Indexes for table `contents`
--
ALTER TABLE `contents`
  ADD PRIMARY KEY (`content_id`);

--
-- Indexes for table `courses`
--
ALTER TABLE `courses`
  ADD PRIMARY KEY (`course_id`);

--
-- Indexes for table `exams`
--
ALTER TABLE `exams`
  ADD PRIMARY KEY (`exam_id`);

--
-- Indexes for table `exam_details`
--
ALTER TABLE `exam_details`
  ADD PRIMARY KEY (`exam_detail_id`);

--
-- Indexes for table `orders`
--
ALTER TABLE `orders`
  ADD PRIMARY KEY (`order_id`);

--
-- Indexes for table `order_details`
--
ALTER TABLE `order_details`
  ADD PRIMARY KEY (`order_detail_id`);

--
-- Indexes for table `payment`
--
ALTER TABLE `payment`
  ADD PRIMARY KEY (`p_id`);

--
-- Indexes for table `questions`
--
ALTER TABLE `questions`
  ADD PRIMARY KEY (`question_id`);

--
-- Indexes for table `question_papers`
--
ALTER TABLE `question_papers`
  ADD PRIMARY KEY (`question_paper_id`);

--
-- Indexes for table `students`
--
ALTER TABLE `students`
  ADD PRIMARY KEY (`student_id`);

--
-- Indexes for table `tbl_items`
--
ALTER TABLE `tbl_items`
  ADD PRIMARY KEY (`itemId`);

--
-- Indexes for table `tbl_reset_password`
--
ALTER TABLE `tbl_reset_password`
  ADD PRIMARY KEY (`id`);

--
-- Indexes for table `tbl_roles`
--
ALTER TABLE `tbl_roles`
  ADD PRIMARY KEY (`roleId`);

--
-- Indexes for table `tbl_users`
--
ALTER TABLE `tbl_users`
  ADD PRIMARY KEY (`userId`);

--
-- Indexes for table `topics`
--
ALTER TABLE `topics`
  ADD PRIMARY KEY (`topic_id`);

--
-- Indexes for table `users`
--
ALTER TABLE `users`
  ADD PRIMARY KEY (`user_id`);

--
-- Indexes for table `videos`
--
ALTER TABLE `videos`
  ADD PRIMARY KEY (`video_id`);

--
-- AUTO_INCREMENT for dumped tables
--

--
-- AUTO_INCREMENT for table `centers`
--
ALTER TABLE `centers`
  MODIFY `center_id` int(11) NOT NULL AUTO_INCREMENT, AUTO_INCREMENT=8;
--
-- AUTO_INCREMENT for table `contents`
--
ALTER TABLE `contents`
  MODIFY `content_id` int(11) NOT NULL AUTO_INCREMENT;
--
-- AUTO_INCREMENT for table `courses`
--
ALTER TABLE `courses`
  MODIFY `course_id` int(11) NOT NULL AUTO_INCREMENT, AUTO_INCREMENT=11;
--
-- AUTO_INCREMENT for table `exams`
--
ALTER TABLE `exams`
  MODIFY `exam_id` int(11) NOT NULL AUTO_INCREMENT;
--
-- AUTO_INCREMENT for table `exam_details`
--
ALTER TABLE `exam_details`
  MODIFY `exam_detail_id` int(11) NOT NULL AUTO_INCREMENT;
--
-- AUTO_INCREMENT for table `orders`
--
ALTER TABLE `orders`
  MODIFY `order_id` int(11) NOT NULL AUTO_INCREMENT, AUTO_INCREMENT=7;
--
-- AUTO_INCREMENT for table `order_details`
--
ALTER TABLE `order_details`
  MODIFY `order_detail_id` int(11) NOT NULL AUTO_INCREMENT;
--
-- AUTO_INCREMENT for table `payment`
--
ALTER TABLE `payment`
  MODIFY `p_id` int(11) NOT NULL AUTO_INCREMENT, AUTO_INCREMENT=2;
--
-- AUTO_INCREMENT for table `questions`
--
ALTER TABLE `questions`
  MODIFY `question_id` int(11) NOT NULL AUTO_INCREMENT;
--
-- AUTO_INCREMENT for table `question_papers`
--
ALTER TABLE `question_papers`
  MODIFY `question_paper_id` int(11) NOT NULL AUTO_INCREMENT;
--
-- AUTO_INCREMENT for table `students`
--
ALTER TABLE `students`
  MODIFY `student_id` int(11) NOT NULL AUTO_INCREMENT, AUTO_INCREMENT=36;
--
-- AUTO_INCREMENT for table `tbl_items`
--
ALTER TABLE `tbl_items`
  MODIFY `itemId` int(11) NOT NULL AUTO_INCREMENT, AUTO_INCREMENT=3;
--
-- AUTO_INCREMENT for table `tbl_reset_password`
--
ALTER TABLE `tbl_reset_password`
  MODIFY `id` bigint(20) NOT NULL AUTO_INCREMENT, AUTO_INCREMENT=23;
--
-- AUTO_INCREMENT for table `tbl_roles`
--
ALTER TABLE `tbl_roles`
  MODIFY `roleId` tinyint(4) NOT NULL AUTO_INCREMENT COMMENT 'role id', AUTO_INCREMENT=4;
--
-- AUTO_INCREMENT for table `tbl_users`
--
ALTER TABLE `tbl_users`
  MODIFY `userId` int(11) NOT NULL AUTO_INCREMENT, AUTO_INCREMENT=4;
--
-- AUTO_INCREMENT for table `topics`
--
ALTER TABLE `topics`
  MODIFY `topic_id` int(11) NOT NULL AUTO_INCREMENT, AUTO_INCREMENT=9;
--
-- AUTO_INCREMENT for table `users`
--
ALTER TABLE `users`
  MODIFY `user_id` int(11) NOT NULL AUTO_INCREMENT;
--
-- AUTO_INCREMENT for table `videos`
--
ALTER TABLE `videos`
  MODIFY `video_id` int(11) NOT NULL AUTO_INCREMENT;
/*!40101 SET CHARACTER_SET_CLIENT=@OLD_CHARACTER_SET_CLIENT */;
/*!40101 SET CHARACTER_SET_RESULTS=@OLD_CHARACTER_SET_RESULTS */;
/*!40101 SET COLLATION_CONNECTION=@OLD_COLLATION_CONNECTION */;
